"dest_rel","source_path","size","sha256","last_write_utc","category","date","slug"
"evidence/CROSSWALK.md","","551","98f37cf539dfd5191ec5b554844d3bed6b56462f66f1ca4dfc9989404c96918b","2026-01-28T07:53:03.946560Z","CROSSWALK.md","",""
"evidence/INDEX.csv","","204778","4fedbd8c6f02e3b5cada413ca65d0434faca5b453609e7394a5cdcfcf24002de","2026-01-28T08:56:16.526417Z","INDEX.csv","",""
"evidence/INDEX.md","","195","854aa92a6c9f6e7a2a13815c5f72f07b7e59967923b274088a9bac392a5329d8","2026-01-28T08:56:16.529942Z","INDEX.md","",""
"evidence/README.md","","767","a4e23ce9c37c15d97e4e2e5c7f28892f21144fb2c5768dffb421b8ea79feab69","2026-01-28T07:52:56.715150Z","README.md","",""
"evidence/analysis/2010-08-25_analysis_patch2025_08_10_0115.md","C:\Users\Moses\OpComp\MUST_Review\important_2\Patch2025_08_10.md","1517","77fd4e2d0ef9727eee21ebd16ea427708cedb044c16b824820c3e1ad3bfd48cf","2026-01-28T08:06:54.467184Z","analysis","2010-08-25","patch2025_08_10"
"evidence/analysis/2010-08-25_analysis_patch2025_08_10_0148.md","C:\Users\Moses\OpComp\MUST_Review\MetaMD_Archive\Patch2025_08_10.md","1517","77fd4e2d0ef9727eee21ebd16ea427708cedb044c16b824820c3e1ad3bfd48cf","2026-01-28T08:06:54.469201Z","analysis","2010-08-25","patch2025_08_10"
"evidence/analysis/2025-10-27_analysis_claude_10_27_2025_0077.md","C:\Users\Moses\OpComp\MUST_Review\important_2\claude_10_27_2025.md","14106","e4d27de0ece453c063abbec08b31aa465e7cc00903922b2cee804bb7bd030786","2025-10-27T22:35:23.056266Z","analysis","2025-10-27","claude_10_27_2025"
"evidence/analysis/2025-10-27_analysis_gpt_5_high_codex_10_27_25_0098.md","C:\Users\Moses\OpComp\MUST_Review\important_2\gpt-5-high-codex-10-27-25.md","11675","38cab3a9962fb833980f8c095181b35fbbc20d1bcd5983cb32a84ea6503cf89b","2025-10-27T23:45:37.965556Z","analysis","2025-10-27","gpt_5_high_codex_10_27_25"
"evidence/analysis/2028-03-10_analysis_o3_10_28_25_0107.md","C:\Users\Moses\OpComp\MUST_Review\important_2\O3-10-28-25.md","39215","8f805966f804d91d7a28015a2bbb15b469a593a68a458e3dd716c95fd061bf12","2025-10-28T19:42:37.342422Z","analysis","2028-03-10","o3_10_28_25"
"evidence/analysis/undated_analysis_1_universal_rules_0065.md","C:\Users\Moses\OpComp\MUST_Review\important_2\1.Universal_Rules.md","16256","a8d361a90f4161765b726764616cae826e4a54333cf92a99e58f7bed10687734","2025-10-23T11:26:35.533119Z","analysis","undated","1_universal_rules"
"evidence/analysis/undated_analysis_1_universal_rules_copy_0064.md","C:\Users\Moses\OpComp\MUST_Review\important_2\1.Universal_Rules copy.md","16256","a8d361a90f4161765b726764616cae826e4a54333cf92a99e58f7bed10687734","2025-10-23T11:26:35.533119Z","analysis","undated","1_universal_rules_copy"
"evidence/analysis/undated_analysis_2_expanded_ordinal_toolkit_0067.md","C:\Users\Moses\OpComp\MUST_Review\important_2\2.Expanded_Ordinal_Toolkit.md","44755","91eed3210c6d21d26b29fe491a4e6954af1c1a69906b1332db323e154b78ddb6","2025-08-18T15:53:28.650622Z","analysis","undated","2_expanded_ordinal_toolkit"
"evidence/analysis/undated_analysis_2_expanded_ordinal_toolkit_copy_0066.md","C:\Users\Moses\OpComp\MUST_Review\important_2\2.Expanded_Ordinal_Toolkit copy.md","44755","91eed3210c6d21d26b29fe491a4e6954af1c1a69906b1332db323e154b78ddb6","2025-08-18T15:53:28.650622Z","analysis","undated","2_expanded_ordinal_toolkit_copy"
"evidence/analysis/undated_analysis_3_termination_consolidation_0070.md","C:\Users\Moses\OpComp\MUST_Review\important_2\3.Termination_Consolidation.md","32665","e767272accfa3099f475983f048ff345695186e8fa1ac8f0942a205eb8786514","2025-08-18T17:40:01.836114Z","analysis","undated","3_termination_consolidation"
"evidence/analysis/undated_analysis_3_termination_consolidation_copy_0069.md","C:\Users\Moses\OpComp\MUST_Review\important_2\3.Termination_Consolidation copy.md","33140","b3fe4dc76c1a12230460d332f3c955bf38169435cd0fc15b8632a864a4084253","2025-08-20T20:15:26.744354Z","analysis","undated","3_termination_consolidation_copy"
"evidence/analysis/undated_analysis_3_termination_consolidation_copy_2_0068.md","C:\Users\Moses\OpComp\MUST_Review\important_2\3.Termination_Consolidation copy 2.md","33140","b3fe4dc76c1a12230460d332f3c955bf38169435cd0fc15b8632a864a4084253","2025-08-20T20:15:26.744354Z","analysis","undated","3_termination_consolidation_copy_2"
"evidence/analysis/undated_analysis_5_pro_0073.md","C:\Users\Moses\OpComp\MUST_Review\important_2\5-Pro.md","7894","9fee6faa11cf3d01a1e12adacc356d920cef64b427ea04ce40fed384712fd1f7","2025-08-18T04:25:12.573700Z","analysis","undated","5_pro"
"evidence/analysis/undated_analysis_5_pro_copy_0072.md","C:\Users\Moses\OpComp\MUST_Review\important_2\5-Pro copy.md","7894","9fee6faa11cf3d01a1e12adacc356d920cef64b427ea04ce40fed384712fd1f7","2025-08-18T04:25:12.573700Z","analysis","undated","5_pro_copy"
"evidence/analysis/undated_analysis_5_pro_copy_2_0071.md","C:\Users\Moses\OpComp\MUST_Review\important_2\5-Pro copy 2.md","7894","9fee6faa11cf3d01a1e12adacc356d920cef64b427ea04ce40fed384712fd1f7","2025-08-18T04:25:12.573700Z","analysis","undated","5_pro_copy_2"
"evidence/analysis/undated_analysis_ai_brainstorm_sn_0074.md","C:\Users\Moses\OpComp\MUST_Review\important_2\AI_BrainStorm_SN.md","31579","141ef8ac9ddbe7217fdad41236dcd26cd24958845ebf924e8c12746dd1668fdd","2025-08-17T21:57:54.898122Z","analysis","undated","ai_brainstorm_sn"
"evidence/analysis/undated_analysis_ai_brainstorm_sn_0127.md","C:\Users\Moses\OpComp\MUST_Review\MetaMD_Archive\AI_BrainStorm_SN.md","31579","141ef8ac9ddbe7217fdad41236dcd26cd24958845ebf924e8c12746dd1668fdd","2025-08-17T21:57:54.898122Z","analysis","undated","ai_brainstorm_sn"
"evidence/analysis/undated_analysis_all_suggestions_0128.md","C:\Users\Moses\OpComp\MUST_Review\MetaMD_Archive\all_suggestions.md","63346","3169ae5ac44818164f17cf7cd0e5df71384a813065ff7e4f640c88533fe4ba86","2025-08-19T02:50:17.507967Z","analysis","undated","all_suggestions"
"evidence/analysis/undated_analysis_assessments_0075.md","C:\Users\Moses\OpComp\MUST_Review\important_2\assessments.md","88835","2351811a106c04dbad6a6e90847933461bb1ef4a4d9150bca16d17cabfc63791","2025-08-19T16:13:01.316281Z","analysis","undated","assessments"
"evidence/analysis/undated_analysis_assessments_closure_0076.md","C:\Users\Moses\OpComp\MUST_Review\important_2\assessments_closure.md","2197","f1dbe79c6ef8283cb17507dbdf2274107d0428dd2910f0707e4479ad00d4bf0b","2025-08-20T14:10:51.647639Z","analysis","undated","assessments_closure"
"evidence/analysis/undated_analysis_a_constructive_ordinal_skeleton_0005.md","C:\Users\Moses\OpComp\MUST_Review\Docs\A_Constructive_Ordinal_Skeleton.md","2667","cbc7b2a651ed76eb6f3ec89008b75a0d484e92b0330ecc3233c5ab6673737b1a","2025-08-20T15:56:53.717377Z","analysis","undated","a_constructive_ordinal_skeleton"
"evidence/analysis/undated_analysis_centralizing_desktop_ai_productivity_0167.md","C:\Users\Moses\OpComp\MUST_Review\important_2\Research\Centralizing_Desktop_AI_Productivity.md","48638","3adaada0b99392964db2a2e018d1198f8e5c17aca1a74f1fbe93b52557908eb9","2026-01-28T08:26:04.437905Z","analysis","undated","centralizing_desktop_ai_productivity"
"evidence/analysis/undated_analysis_claude_sn_0129.md","C:\Users\Moses\OpComp\MUST_Review\MetaMD_Archive\Claude_SN.md","9510","4a5f25de5e249087de2349175fc873741ae0b89cf0ef61dcb58b00b17acac892","2026-01-28T08:06:54.487574Z","analysis","undated","claude_sn"
"evidence/analysis/undated_analysis_claude_sn_companion_0078.md","C:\Users\Moses\OpComp\MUST_Review\important_2\Claude_SN_Companion.md","8058","bde1960524ef05d8055c099d2b308158ee75aa1aa22feb230e12bd5a0d106672","2025-08-17T21:57:54.898122Z","analysis","undated","claude_sn_companion"
"evidence/analysis/undated_analysis_claude_sn_companion_0130.md","C:\Users\Moses\OpComp\MUST_Review\MetaMD_Archive\Claude_SN_Companion.md","8058","bde1960524ef05d8055c099d2b308158ee75aa1aa22feb230e12bd5a0d106672","2025-08-17T21:57:54.898122Z","analysis","undated","claude_sn_companion"
"evidence/analysis/undated_analysis_claude_sn_errors_0131.md","C:\Users\Moses\OpComp\MUST_Review\MetaMD_Archive\claude_sn_errors.md","7957","9da5cfe635d880421726bd6103939403035d13e232491b0923fd7512ec2e5014","2025-08-17T21:57:54.914785Z","analysis","undated","claude_sn_errors"
"evidence/analysis/undated_analysis_claude_sn_errors_0132.txt","C:\Users\Moses\OpComp\MUST_Review\MetaMD_Archive\claude_sn_errors.txt","7857","2ed831f1edebb0240585fd181a2eb7daf7724def2859e0a4e233fcb796a9bbd7","2025-08-17T21:57:54.914785Z","analysis","undated","claude_sn_errors"
"evidence/analysis/undated_analysis_comments1_0162.md","C:\Users\Moses\OpComp\MUST_Review\important_2\archive\comments1.md","132198","0a93e74784c6d9467eead00e109bbccdf8cccdb5d8a487e3b533cf198a404735","2026-01-28T08:26:04.442626Z","analysis","undated","comments1"
"evidence/analysis/undated_analysis_commnets_2_0163.md","C:\Users\Moses\OpComp\MUST_Review\important_2\archive\commnets_2.md","27343","f62ceecc181317fb86a854dd30459efa55dac391b6ed5c9b91c7669475e0580e","2025-08-18T04:09:47.806680Z","analysis","undated","commnets_2"
"evidence/analysis/undated_analysis_commnets_3_0164.md","C:\Users\Moses\OpComp\MUST_Review\important_2\archive\commnets_3.md","29997","f8f2d054509021df32b6b10146c3180176f0bb8b60c9cb8b55ea1ec92213bcbc","2026-01-28T08:26:04.444637Z","analysis","undated","commnets_3"
"evidence/analysis/undated_analysis_commnets_summary_0081.md","C:\Users\Moses\OpComp\MUST_Review\important_2\commnets_summary.md","14182","33b33092eb4b1a6e23a31b9c98412769fb53e634d7eef96e6ba18049eb291ddb","2025-08-18T04:09:47.807679Z","analysis","undated","commnets_summary"
"evidence/analysis/undated_analysis_commnets_summary_copy_0080.md","C:\Users\Moses\OpComp\MUST_Review\important_2\commnets_summary copy.md","14182","33b33092eb4b1a6e23a31b9c98412769fb53e634d7eef96e6ba18049eb291ddb","2025-08-18T04:09:47.807679Z","analysis","undated","commnets_summary_copy"
"evidence/analysis/undated_analysis_commnets_summary_copy_2_0079.md","C:\Users\Moses\OpComp\MUST_Review\important_2\commnets_summary copy 2.md","14182","33b33092eb4b1a6e23a31b9c98412769fb53e634d7eef96e6ba18049eb291ddb","2025-08-18T04:09:47.807679Z","analysis","undated","commnets_summary_copy_2"
"evidence/analysis/undated_analysis_confluence_safe_0084.md","C:\Users\Moses\OpComp\MUST_Review\important_2\Confluence_Safe.md","6854","960645eec76d57b19fb98f34f500d89fdb3c4c7a0823bff640c8ec8ce42f0e0c","2025-08-18T16:10:34.831986Z","analysis","undated","confluence_safe"
"evidence/analysis/undated_analysis_confluence_safe_copy_0083.md","C:\Users\Moses\OpComp\MUST_Review\important_2\Confluence_Safe copy.md","6854","960645eec76d57b19fb98f34f500d89fdb3c4c7a0823bff640c8ec8ce42f0e0c","2025-08-18T16:10:34.831986Z","analysis","undated","confluence_safe_copy"
"evidence/analysis/undated_analysis_confluence_safe_copy_2_0082.md","C:\Users\Moses\OpComp\MUST_Review\important_2\Confluence_Safe copy 2.md","6854","960645eec76d57b19fb98f34f500d89fdb3c4c7a0823bff640c8ec8ce42f0e0c","2025-08-18T16:10:34.831986Z","analysis","undated","confluence_safe_copy_2"
"evidence/analysis/undated_analysis_critical_review_of_the_operator_centric_incompleteness_project_0168.md","C:\Users\Moses\OpComp\MUST_Review\important_2\Research\Critical_Review_of_the_Operator-Centric_Incompleteness_Project.md","52963","51a0b45ef979626178687614b3d17a41e4513f9cc441fd57c06c9514bed96eea","2026-01-28T08:26:04.451005Z","analysis","undated","critical_review_of_the_operator_centric_incompleteness_project"
"evidence/analysis/undated_analysis_cursor_considering_trace_and_strong_nor_1_0036.md","C:\Users\Moses\OpComp\MUST_Review\chats\cursor_considering_trace_and_strong_nor-1.md","919853","129556d461d53d9b141bcc26e56b78ac3f06a6a7a33eb5931b48b29991e6f069","2026-01-28T08:44:23.576549Z","analysis","undated","cursor_considering_trace_and_strong_nor_1"
"evidence/analysis/undated_analysis_c_computable_measure_roadmap_0019.md","C:\Users\Moses\OpComp\MUST_Review\Docs\C_Computable_Measure_Roadmap.md","2614","d413423eeab44f3b355cc84b08cf2ccd7d7343aca75f31b9aa14a62ba1c0b5b8","2025-08-20T15:56:53.717377Z","analysis","undated","c_computable_measure_roadmap"
"evidence/analysis/undated_analysis_decidability_and_termination_orders_in_small_term_reachability_and_sn_calculi_0169.md","C:\Users\Moses\OpComp\MUST_Review\important_2\Research\Decidability_and_Termination_Orders_in_Small-Term_Reachability_and_SN_Calculi.md","56085","7986b9a92499f26eb1158a2028f080e8aeb8aed0d25ecd9e9e63cbe475a5f7f4","2026-01-28T08:26:04.453530Z","analysis","undated","decidability_and_termination_orders_in_small_term_reachability_and_sn_calculi"
"evidence/analysis/undated_analysis_deep_1_0165.md","C:\Users\Moses\OpComp\MUST_Review\important_2\archive\deep_1.md","10646","08481fe958a01a0ab8777f55261533ff4bf24bff4048defebb91d20f0de58c22","2026-01-28T08:26:04.455031Z","analysis","undated","deep_1"
"evidence/analysis/undated_analysis_diag_reports_0133.md","C:\Users\Moses\OpComp\MUST_Review\MetaMD_Archive\Diag_Reports.md","15574","c138cef27fe2ef56ad7e2e7e849af1a1a1a1797231fbfe4329bb5f7561658037","2025-08-17T21:57:54.898122Z","analysis","undated","diag_reports"
"evidence/analysis/undated_analysis_duallex_counterexample_0020.md","C:\Users\Moses\OpComp\MUST_Review\Docs\DualLex_Counterexample.md","1070","8faddfdc503091ce7cb0526160c98598ad110414924c251b9b20c8bc6652bde9","2025-08-18T15:35:42.577665Z","analysis","undated","duallex_counterexample"
"evidence/analysis/undated_analysis_duallex_counterexample_0087.md","C:\Users\Moses\OpComp\MUST_Review\important_2\DualLex_Counterexample.md","1070","8faddfdc503091ce7cb0526160c98598ad110414924c251b9b20c8bc6652bde9","2025-08-18T15:54:04.320966Z","analysis","undated","duallex_counterexample"
"evidence/analysis/undated_analysis_duallex_counterexample_copy_0086.md","C:\Users\Moses\OpComp\MUST_Review\important_2\DualLex_Counterexample copy.md","1070","8faddfdc503091ce7cb0526160c98598ad110414924c251b9b20c8bc6652bde9","2025-08-18T15:54:04.320966Z","analysis","undated","duallex_counterexample_copy"
"evidence/analysis/undated_analysis_duallex_counterexample_copy_2_0085.md","C:\Users\Moses\OpComp\MUST_Review\important_2\DualLex_Counterexample copy 2.md","1070","8faddfdc503091ce7cb0526160c98598ad110414924c251b9b20c8bc6652bde9","2025-08-18T15:54:04.320966Z","analysis","undated","duallex_counterexample_copy_2"
"evidence/analysis/undated_analysis_eod_report_2024_0134.md","C:\Users\Moses\OpComp\MUST_Review\MetaMD_Archive\EOD_Report_2024.md","6258","e5b74f156a1333b6b3ee2b51806dd78c3836b282f22b313e814fb92404dacf29","2025-08-19T02:50:17.511872Z","analysis","undated","eod_report_2024"
"evidence/analysis/undated_analysis_evaluating_the_ko7_operator_only_kernel_novelty_robustness_and_appeal_0170.md","C:\Users\Moses\OpComp\MUST_Review\important_2\Research\Evaluating_the_KO7_Operator-Only_Kernel_Novelty_Robustness_and_Appeal.md","51325","98a8416a5ffa629eee2cde6b7b492124d291429942012db1fe34a08560be4d01","2026-01-28T08:26:04.458541Z","analysis","undated","evaluating_the_ko7_operator_only_kernel_novelty_robustness_and_appeal"
"evidence/analysis/undated_analysis_extracted_issues_report_0089.md","C:\Users\Moses\OpComp\MUST_Review\important_2\EXTRACTED_ISSUES_REPORT.md","19338","fcdfcd8d75c47b7c784442b5b528771907a9f85293623f159a64479192deb43f","2025-08-19T17:24:53.214202Z","analysis","undated","extracted_issues_report"
"evidence/analysis/undated_analysis_fails_central_0092.md","C:\Users\Moses\OpComp\MUST_Review\important_2\fails_central.md","7517","4d2f02e085e5ea05e4e174d84fae40915695f7e41dfc9676dc80dfb7d26e2ba6","2025-08-18T15:56:13.839731Z","analysis","undated","fails_central"
"evidence/analysis/undated_analysis_fails_central_copy_0091.md","C:\Users\Moses\OpComp\MUST_Review\important_2\fails_central copy.md","7517","4d2f02e085e5ea05e4e174d84fae40915695f7e41dfc9676dc80dfb7d26e2ba6","2025-08-18T15:56:13.839731Z","analysis","undated","fails_central_copy"
"evidence/analysis/undated_analysis_fails_central_copy_2_0090.md","C:\Users\Moses\OpComp\MUST_Review\important_2\fails_central copy 2.md","7517","4d2f02e085e5ea05e4e174d84fae40915695f7e41dfc9676dc80dfb7d26e2ba6","2025-08-18T15:56:13.839731Z","analysis","undated","fails_central_copy_2"
"evidence/analysis/undated_analysis_failurereenactments_0093.md","C:\Users\Moses\OpComp\MUST_Review\important_2\FailureReenactments.md","2590","5e298d6d52af4d395b4c78cee692d7599d6560a2f924204687edc62359714497","2025-09-01T18:02:15.369519Z","analysis","undated","failurereenactments"
"evidence/analysis/undated_analysis_fixed_target_reachability_termination_ordering_robust_under_duplication_0171.md","C:\Users\Moses\OpComp\MUST_Review\important_2\Research\Fixed_Target_Reachability_Termination_Ordering_Robust_Under_Duplication.md","56073","5339cd410329881b1f6ce28cc0876cff7aa6c4779731788fb89d7806d7aca0a5","2026-01-28T08:26:04.463566Z","analysis","undated","fixed_target_reachability_termination_ordering_robust_under_duplication"
"evidence/analysis/undated_analysis_for_claude_0135.md","C:\Users\Moses\OpComp\MUST_Review\MetaMD_Archive\for_claude.md","8593","e584ced948532e69e8dcf2cb19936cfe50f1f4ca73b0b4be28cdf9fe77100b14","2025-08-17T21:57:54.914785Z","analysis","undated","for_claude"
"evidence/analysis/undated_analysis_gemeni_fail_cursor_0094.md","C:\Users\Moses\OpComp\MUST_Review\important_2\gemeni-fail-cursor.md","30528","f450c1188fc921e9f3da00cb74385cfef26b2aa1b6964de5cc16473c55105f8f","2025-10-28T15:01:07.610160Z","analysis","undated","gemeni_fail_cursor"
"evidence/analysis/undated_analysis_gemini_0095.md","C:\Users\Moses\OpComp\MUST_Review\important_2\gemini.md","15196","7741c3f292bdce3b8cc01c920a9e88a8b8c0f05006c2cfc356ae5d3878bb0baf","2025-08-17T21:57:54.964461Z","analysis","undated","gemini"
"evidence/analysis/undated_analysis_gemini_0166.md","C:\Users\Moses\OpComp\MUST_Review\important_2\archive\gemini.md","15196","7741c3f292bdce3b8cc01c920a9e88a8b8c0f05006c2cfc356ae5d3878bb0baf","2025-08-17T21:57:54.964461Z","analysis","undated","gemini"
"evidence/analysis/undated_analysis_google_prompt_0027.md","C:\Users\Moses\OpComp\MUST_Review\Docs\google_prompt.md","2363","2928a174c8e093db9caf1fafe037f8f14a8a8a850ad0bb4118b7aeb0830308b3","2025-08-17T21:57:54.889549Z","analysis","undated","google_prompt"
"evidence/analysis/undated_analysis_gpt_5_decidability_0097.md","C:\Users\Moses\OpComp\MUST_Review\important_2\GPT-5-decidability.md","1731","d555c70ca688dfd02b44d411fc629f4b098282575c255ce739ec000f409b11b5","2025-10-28T18:35:25.426723Z","analysis","undated","gpt_5_decidability"
"evidence/analysis/undated_analysis_gpt_5_pro_0099.md","C:\Users\Moses\OpComp\MUST_Review\important_2\GPT-5-Pro.md","36610","2cc1dcf2833d2178bc911132e0bf5b45241295be2c3cc52bb9f67bdf2c68605d","2025-08-17T21:57:54.898122Z","analysis","undated","gpt_5_pro"
"evidence/analysis/undated_analysis_gpt_5_pro_0136.md","C:\Users\Moses\OpComp\MUST_Review\MetaMD_Archive\GPT-5-Pro.md","36610","2cc1dcf2833d2178bc911132e0bf5b45241295be2c3cc52bb9f67bdf2c68605d","2025-08-17T21:57:54.898122Z","analysis","undated","gpt_5_pro"
"evidence/analysis/undated_analysis_handover_2_0028.md","C:\Users\Moses\OpComp\MUST_Review\Docs\handover_2.md","253078","d8cc081722404ba5082d7979118507bae73e5e70e527d94314ba8060687ef1cf","2025-08-19T19:42:15.818687Z","analysis","undated","handover_2"
"evidence/analysis/undated_analysis_hybrid_termination_0029.md","C:\Users\Moses\OpComp\MUST_Review\Docs\Hybrid_Termination.md","3160","19f2c05eab2f3d0c6e27c62fede33a50bc5fa78c720a3f6728a62a7d8aa968ab","2025-08-17T21:57:54.864045Z","analysis","undated","hybrid_termination"
"evidence/analysis/undated_analysis_hybrid_termination_0102.md","C:\Users\Moses\OpComp\MUST_Review\important_2\Hybrid_Termination.md","2721","0e11c233bfd80969b473577b77de82d252c055015736892ea6cbdf40d0a2330f","2025-08-18T16:10:34.831986Z","analysis","undated","hybrid_termination"
"evidence/analysis/undated_analysis_hybrid_termination_copy_0101.md","C:\Users\Moses\OpComp\MUST_Review\important_2\Hybrid_Termination copy.md","2721","0e11c233bfd80969b473577b77de82d252c055015736892ea6cbdf40d0a2330f","2025-08-18T16:10:34.831986Z","analysis","undated","hybrid_termination_copy"
"evidence/analysis/undated_analysis_hybrid_termination_copy_2_0100.md","C:\Users\Moses\OpComp\MUST_Review\important_2\Hybrid_Termination copy 2.md","2721","0e11c233bfd80969b473577b77de82d252c055015736892ea6cbdf40d0a2330f","2025-08-18T16:10:34.831986Z","analysis","undated","hybrid_termination_copy_2"
"evidence/analysis/undated_analysis_index_0030.md","C:\Users\Moses\OpComp\MUST_Review\Docs\INDEX.md","1466","a645e88e86e8b8edb15a32b1d06d0a8e7f7b779e011f579d58c54505ebd8cef2","2025-08-18T17:27:51.467645Z","analysis","undated","index"
"evidence/analysis/undated_analysis_index_0104.md","C:\Users\Moses\OpComp\MUST_Review\important_2\INDEX.md","454","99763537187aa4300dc884e4751497523b631e16f792ceb566334f04d18e98cc","2025-08-18T15:53:28.650622Z","analysis","undated","index"
"evidence/analysis/undated_analysis_index_copy_0103.md","C:\Users\Moses\OpComp\MUST_Review\important_2\INDEX copy.md","454","99763537187aa4300dc884e4751497523b631e16f792ceb566334f04d18e98cc","2025-08-18T15:53:28.650622Z","analysis","undated","index_copy"
"evidence/analysis/undated_analysis_internal_measure_class_c_and_termination_analysis_0172.md","C:\Users\Moses\OpComp\MUST_Review\important_2\Research\Internal_Measure_Class_C()_and_Termination_Analysis.md","30095","6b6ab67717b327fab5f67605d589f2d5f800e03ac32e3bd9e697c78ea9c1f781","2025-11-24T17:40:50.838223Z","analysis","undated","internal_measure_class_c_and_termination_analysis"
"evidence/analysis/undated_analysis_kappa_0137.md","C:\Users\Moses\OpComp\MUST_Review\MetaMD_Archive\Kappa.md","2159","b5b80b70c6b372098a43b8ac2c20c1282d29100d4185a90987ea15597730a07c","2026-01-28T08:06:54.514496Z","analysis","undated","kappa"
"evidence/analysis/undated_analysis_kernel_analysis_0138.md","C:\Users\Moses\OpComp\MUST_Review\MetaMD_Archive\kernel_analysis.md","81434","06d45e825ebde4bc3da2da0fe7f4df40111da6b9bdf74b4c9b7be753975a208e","2025-08-17T21:57:54.914785Z","analysis","undated","kernel_analysis"
"evidence/analysis/undated_analysis_kernel_documentation_0035.md","C:\Users\Moses\OpComp\MUST_Review\Docs\Kernel_Documentation.md","1685","dd00eb73b4179b3839d4644111674b6570a24c15866886a20da324b76fd85c8e","2025-08-17T21:57:54.864045Z","analysis","undated","kernel_documentation"
"evidence/analysis/undated_analysis_ko7_normalizer_technical_evaluation_and_analysis_0173.md","C:\Users\Moses\OpComp\MUST_Review\important_2\Research\KO7_Normalizer_Technical_Evaluation_and_Analysis.md","10357","6e7bd484ede33cde23fae3d9a5506785bad9b58ed3e451c8b6cd5d3fbeb869a3","2025-11-24T17:40:49.850239Z","analysis","undated","ko7_normalizer_technical_evaluation_and_analysis"
"evidence/analysis/undated_analysis_ko7_rewrite_calculus_fundamental_limitations_of_operator_only_systems_0174.md","C:\Users\Moses\OpComp\MUST_Review\important_2\Research\KO7_Rewrite_Calculus_Fundamental_Limitations_of_Operator-Only_Systems.md","8704","464f2867b22038a98e089f14bf3107e808b38b9f520e2242273688c2114c77f0","2025-11-24T17:40:49.863239Z","analysis","undated","ko7_rewrite_calculus_fundamental_limitations_of_operator_only_systems"
"evidence/analysis/undated_analysis_ko7_snippets_0105.txt","C:\Users\Moses\OpComp\MUST_Review\important_2\ko7_snippets.txt","68226","22944cc09973602b0492a1163f53c7a9ec77386c10837aeaf57ce0e34068bcfa","2025-08-19T05:58:23.702890Z","analysis","undated","ko7_snippets"
"evidence/analysis/undated_analysis_latest_solution_0139.md","C:\Users\Moses\OpComp\MUST_Review\MetaMD_Archive\latest_solution.md","54799","fe25ea023ee8f8499b3759f8055702c35fd7564a825d64a3a9083c8d1c9c560a","2025-08-19T02:50:17.522954Z","analysis","undated","latest_solution"
"evidence/analysis/undated_analysis_litellm_vertex_cloudflare_cursor_guide_0037.md","C:\Users\Moses\OpComp\MUST_Review\Docs\LiteLLM-Vertex-Cloudflare-Cursor-Guide.md","18882","fb3fbbca078441d0089a05a0903318e905c517181b603a5d0a12390d61773b5a","2025-08-17T21:57:54.864045Z","analysis","undated","litellm_vertex_cloudflare_cursor_guide"
"evidence/analysis/undated_analysis_llm_flaw_0038.md","C:\Users\Moses\OpComp\MUST_Review\Docs\llm_flaw.md","162344","a7165257879cf29e2b9eef65baf3bd167a76fe9112086392971d96bab1c750dc","2025-08-19T01:46:34.744915Z","analysis","undated","llm_flaw"
"evidence/analysis/undated_analysis_local_stack_setup_0039.md","C:\Users\Moses\OpComp\MUST_Review\Docs\LOCAL_STACK_SETUP.md","7873","80350a126d4f6d1a88d5745d13b63ca7b9e53b03e5f8dce137958fcbd78ab4d4","2025-08-26T02:09:13.084093Z","analysis","undated","local_stack_setup"
"evidence/analysis/undated_analysis_math_docs_0106.md","C:\Users\Moses\OpComp\MUST_Review\important_2\math_docs.md","16718","03afc487d99df4a0bbe3969beef249ac6d788fec09966d5b523129519fd7c3b5","2026-01-28T08:26:04.482005Z","analysis","undated","math_docs"
"evidence/analysis/undated_analysis_math_docs_0140.md","C:\Users\Moses\OpComp\MUST_Review\MetaMD_Archive\math_docs.md","16718","03afc487d99df4a0bbe3969beef249ac6d788fec09966d5b523129519fd7c3b5","2026-01-28T08:26:04.484033Z","analysis","undated","math_docs"
"evidence/analysis/undated_analysis_measure_0141.md","C:\Users\Moses\OpComp\MUST_Review\MetaMD_Archive\Measure.md","9608","6f809b55c1d1660ec3954d9b045d38da98abe23e5f1279a000c21ff5102973f8","2026-01-28T08:06:54.526212Z","analysis","undated","measure"
"evidence/analysis/undated_analysis_meta_0142.md","C:\Users\Moses\OpComp\MUST_Review\MetaMD_Archive\Meta.md","2489","e5046cd3249c9a0d54c3f67376fdb0879867abd3dd5c838a7ef23ae3d3622e59","2026-01-28T08:06:54.528196Z","analysis","undated","meta"
"evidence/analysis/undated_analysis_methodological_overview_for_strong_normalization_proof_1_0175.md","C:\Users\Moses\OpComp\MUST_Review\important_2\Research\Methodological_Overview_for_Strong_Normalization_Proof_(1).md","17093","d434184fa722840a3a3409293884cc7244571cdf21e9670140a846ee6a9932be","2025-11-24T17:40:49.879236Z","analysis","undated","methodological_overview_for_strong_normalization_proof_1"
"evidence/analysis/undated_analysis_model_and_reasoning_list_0176.md","C:\Users\Moses\OpComp\MUST_Review\important_2\Research\Model_and_reasoning_list.md","10881","f28c4e8250925d8f9b114b7d1a926b1057eea040ec8fa57f91c47ece2b7a7807","2025-11-24T17:40:50.876234Z","analysis","undated","model_and_reasoning_list"
"evidence/analysis/undated_analysis_mucore_0143.md","C:\Users\Moses\OpComp\MUST_Review\MetaMD_Archive\MuCore.md","3704","4a663976d673aea17ae4c6def5b61874386865e5ad89b4705a25b82d9c85f20f","2025-08-17T21:57:54.898122Z","analysis","undated","mucore"
"evidence/analysis/undated_analysis_mucore_diag_0144.md","C:\Users\Moses\OpComp\MUST_Review\MetaMD_Archive\MuCore_Diag.md","53303","cb35e31ab416365f5909e16f2dfdf236138978c48dd5b87abba1fdd73897ffd1","2025-08-17T21:57:54.898122Z","analysis","undated","mucore_diag"
"evidence/analysis/undated_analysis_mucore_diag_reports_0145.md","C:\Users\Moses\OpComp\MUST_Review\MetaMD_Archive\MuCore_Diag_Reports.md","15823","23c93baec754bd36857ae0e5fb64d8163acd13bf963e83448f00e90aef85aec8","2025-08-17T21:57:54.898122Z","analysis","undated","mucore_diag_reports"
"evidence/analysis/undated_analysis_mulexsn_0146.md","C:\Users\Moses\OpComp\MUST_Review\MetaMD_Archive\MuLexSN.md","3488","f08757dd3cf7267d50a924ed652631fb0b4364a0d4b22ec8fac99e292cd1ab9b","2026-01-28T08:06:54.532510Z","analysis","undated","mulexsn"
"evidence/analysis/undated_analysis_muport_0147.md","C:\Users\Moses\OpComp\MUST_Review\MetaMD_Archive\MuPort.md","8025","92425390903bb85422cd9722ada9af80be41ffee9282703f8c5b8491fa86038b","2026-01-28T08:06:54.534055Z","analysis","undated","muport"
"evidence/analysis/undated_analysis_operational_incompleteness_roadmap_0109.md","C:\Users\Moses\OpComp\MUST_Review\important_2\Operational_Incompleteness_Roadmap.md","2491","724bb3e79400b4512ebef0af2d5133e98aa99deea70b0b4354cacad863b3defc","2025-08-18T16:10:34.831986Z","analysis","undated","operational_incompleteness_roadmap"
"evidence/analysis/undated_analysis_operational_incompleteness_roadmap_copy_0108.md","C:\Users\Moses\OpComp\MUST_Review\important_2\Operational_Incompleteness_Roadmap copy.md","2491","724bb3e79400b4512ebef0af2d5133e98aa99deea70b0b4354cacad863b3defc","2025-08-18T16:10:34.831986Z","analysis","undated","operational_incompleteness_roadmap_copy"
"evidence/analysis/undated_analysis_operatorkernelo6_paper_guide_0112.md","C:\Users\Moses\OpComp\MUST_Review\important_2\OperatorKernelO6_Paper_Guide.md","3670","f6bae586492ffb72d0be8853571eb63332632c8407dad74c05a7438fb9341f6f","2025-08-18T16:10:34.831986Z","analysis","undated","operatorkernelo6_paper_guide"
"evidence/analysis/undated_analysis_operatorkernelo6_paper_guide_copy_0111.md","C:\Users\Moses\OpComp\MUST_Review\important_2\OperatorKernelO6_Paper_Guide copy.md","3670","f6bae586492ffb72d0be8853571eb63332632c8407dad74c05a7438fb9341f6f","2025-08-18T16:10:34.831986Z","analysis","undated","operatorkernelo6_paper_guide_copy"
"evidence/analysis/undated_analysis_operatorkernelo6_paper_guide_copy_2_0110.md","C:\Users\Moses\OpComp\MUST_Review\important_2\OperatorKernelO6_Paper_Guide copy 2.md","3670","f6bae586492ffb72d0be8853571eb63332632c8407dad74c05a7438fb9341f6f","2025-08-18T16:10:34.831986Z","analysis","undated","operatorkernelo6_paper_guide_copy_2"
"evidence/analysis/undated_analysis_paper_code_xref_0114.md","C:\Users\Moses\OpComp\MUST_Review\important_2\paper_code_xref.md","1788","5a679c49af695db73abc33672ae5b790346b2863a6cb58fed2f70912379506a8","2025-08-18T16:10:34.831986Z","analysis","undated","paper_code_xref"
"evidence/analysis/undated_analysis_paper_code_xref_copy_0113.md","C:\Users\Moses\OpComp\MUST_Review\important_2\paper_code_xref copy.md","1788","5a679c49af695db73abc33672ae5b790346b2863a6cb58fed2f70912379506a8","2025-08-18T16:10:34.831986Z","analysis","undated","paper_code_xref_copy"
"evidence/analysis/undated_analysis_predictionroadmap_0116.md","C:\Users\Moses\OpComp\MUST_Review\important_2\PredictionRoadmap.md","3930","a09ca7be586f398b22b22983c271ea7ca8743525bd388b1f2471e2e54865f48c","2025-09-01T16:45:39.609643Z","analysis","undated","predictionroadmap"
"evidence/analysis/undated_analysis_problems_0117.md","C:\Users\Moses\OpComp\MUST_Review\important_2\problems.md","15311","b4fb3ef3d434e00a11f186f154548b71c28e4b66fc613a524088dcede089dc38","2025-08-19T03:47:13.263410Z","analysis","undated","problems"
"evidence/analysis/undated_analysis_rahnama_ko7_margin_notes_0118.md","C:\Users\Moses\OpComp\MUST_Review\important_2\Rahnama_KO7_margin_notes.md","2202","645e5634f9be6b1dda293c66a413e40a1edd4ca18a5930b4eb9a553bb60911ec","2025-08-19T05:56:32.108314Z","analysis","undated","rahnama_ko7_margin_notes"
"evidence/analysis/undated_analysis_rahnama_ko7_tables_revised_0119.md","C:\Users\Moses\OpComp\MUST_Review\important_2\Rahnama_KO7_tables_revised.md","2239","e8e2e171a5da4ecc05e3010428ebe63967f592f0f72b9d0a9751b3a950561f44","2025-08-19T05:56:34.490610Z","analysis","undated","rahnama_ko7_tables_revised"
"evidence/analysis/undated_analysis_research_0122.md","C:\Users\Moses\OpComp\MUST_Review\important_2\research.md","111638","e9904f0f5f49c8110c8b17e3bdf0ab47201fa9a189028db361cd13a73cb80995","2026-01-28T08:26:04.493715Z","analysis","undated","research"
"evidence/analysis/undated_analysis_research_copy_0121.md","C:\Users\Moses\OpComp\MUST_Review\important_2\Research copy.md","111638","e9904f0f5f49c8110c8b17e3bdf0ab47201fa9a189028db361cd13a73cb80995","2026-01-28T08:26:04.496403Z","analysis","undated","research_copy"
"evidence/analysis/undated_analysis_research_copy_2_0120.md","C:\Users\Moses\OpComp\MUST_Review\important_2\Research copy 2.md","111638","e9904f0f5f49c8110c8b17e3bdf0ab47201fa9a189028db361cd13a73cb80995","2026-01-28T08:26:04.500018Z","analysis","undated","research_copy_2"
"evidence/analysis/undated_analysis_session_3_independence_witnesses_goodstein_hydra_0177.md","C:\Users\Moses\OpComp\MUST_Review\important_2\Research\Session_3_Independence_Witnesses_Goodstein_Hydra.md","32352","c9629013be87705a72f601268fdf6848c121f8c594f1290130f8481921535141","2025-11-24T17:40:50.936287Z","analysis","undated","session_3_independence_witnesses_goodstein_hydra"
"evidence/analysis/undated_analysis_sn_0149.md","C:\Users\Moses\OpComp\MUST_Review\MetaMD_Archive\SN.md","7577","e4149848b5b26c2e84c18a3e14ba4b37a3e2a90431b1f816b44d2f46db387955","2026-01-28T08:06:54.542177Z","analysis","undated","sn"
"evidence/analysis/undated_analysis_sn_delta_0150.md","C:\Users\Moses\OpComp\MUST_Review\MetaMD_Archive\SN_Delta.md","4906","1d9a9f92b406768a45149032594dc7dc592358bf325e0f013344c4c9526385e9","2026-01-28T08:06:54.542689Z","analysis","undated","sn_delta"
"evidence/analysis/undated_analysis_sn_final_0151.md","C:\Users\Moses\OpComp\MUST_Review\MetaMD_Archive\SN_Final.md","9702","55b2ad5600522515d9aa51729d5628ce39504df5dd36b235b773f3f045bfb180","2025-08-17T21:57:54.898122Z","analysis","undated","sn_final"
"evidence/analysis/undated_analysis_sn_final_diags_0152.md","C:\Users\Moses\OpComp\MUST_Review\MetaMD_Archive\SN_Final_Diags.md","5439","478457f74850744814483c0ce4c2cbbd4634eef9c3fca7f2e96f045ff325362d","2025-08-17T21:57:54.898122Z","analysis","undated","sn_final_diags"
"evidence/analysis/undated_analysis_sn_notes_0124.md","C:\Users\Moses\OpComp\MUST_Review\important_2\SN_Notes.md","46178","c398c9a6cc524d9a22b9ac5461c75d583daa9f83e768849060015aabf78b1e86","2025-08-17T21:57:54.898122Z","analysis","undated","sn_notes"
"evidence/analysis/undated_analysis_sn_notes_0153.md","C:\Users\Moses\OpComp\MUST_Review\MetaMD_Archive\SN_Notes.md","46178","c398c9a6cc524d9a22b9ac5461c75d583daa9f83e768849060015aabf78b1e86","2025-08-17T21:57:54.898122Z","analysis","undated","sn_notes"
"evidence/analysis/undated_analysis_sn_opus_0154.md","C:\Users\Moses\OpComp\MUST_Review\MetaMD_Archive\SN_Opus.md","7084","edc28d06d85fceb14c0615c00b6b02232738a50a233e273cf9624abe84b1a85e","2026-01-28T08:06:54.546735Z","analysis","undated","sn_opus"
"evidence/analysis/undated_analysis_sn_phi_0155.md","C:\Users\Moses\OpComp\MUST_Review\MetaMD_Archive\SN_Phi.md","17991","285b9a96e4d19e4ab382612afa42292961fa3de6a3974a8087eeace736698cee","2026-01-28T08:16:10.996991Z","analysis","undated","sn_phi"
"evidence/analysis/undated_analysis_solutions_0125.md","C:\Users\Moses\OpComp\MUST_Review\important_2\solutions.md","9084","284269827211dfcaa44a75b4b83cea6aa1bea57ecad98ddd90356bbb3519a753","2025-08-19T03:50:28.622381Z","analysis","undated","solutions"
"evidence/analysis/undated_analysis_strongnormal_0156.md","C:\Users\Moses\OpComp\MUST_Review\MetaMD_Archive\StrongNormal.md","6390","6190ac5058ebd2772fcf1f6f826e39993969fbeb8a05a3b604ca1695f008991f","2025-08-17T21:57:54.914785Z","analysis","undated","strongnormal"
"evidence/analysis/undated_analysis_termination_0157.md","C:\Users\Moses\OpComp\MUST_Review\MetaMD_Archive\Termination.md","73213","e17babc9a0b8f87c25d706492541dffde6abec91e5bdbe8f921c258ffe62d246","2025-08-17T21:57:54.914785Z","analysis","undated","termination"
"evidence/analysis/undated_analysis_termination_companion_0178.md","C:\Users\Moses\OpComp\MUST_Review\important_2\Research\Termination_Companion.md","24422","e62a7514e15fc0c27482be159f918de8654ad57050d0de7aceaea6ac34a05903","2025-11-24T17:40:49.990244Z","analysis","undated","termination_companion"
"evidence/analysis/undated_analysis_termination_c_0158.md","C:\Users\Moses\OpComp\MUST_Review\MetaMD_Archive\Termination_C.md","69184","e640ee6005dfce7338689bb561308d98333e746e36639fb547e19529ff5a382d","2026-01-28T08:06:54.556975Z","analysis","undated","termination_c"
"evidence/analysis/undated_analysis_termination_documentation_0062.md","C:\Users\Moses\OpComp\MUST_Review\Docs\Termination_Documentation.md","53260","4f956fa79449ef526223fab7cf999dc92e916d527b622f9910bef5e80372d1ec","2025-08-17T21:57:54.888555Z","analysis","undated","termination_documentation"
"evidence/analysis/undated_analysis_termination_legacy_0159.md","C:\Users\Moses\OpComp\MUST_Review\MetaMD_Archive\Termination_Legacy.md","52862","7415d6cbc4137fd9a20dd4039248a39febbb4f39a1e18b3f4b37896a629b8530","2026-01-28T08:06:54.561050Z","analysis","undated","termination_legacy"
"evidence/analysis/undated_analysis_termination_lex3_0161.lean","C:\Users\Moses\OpComp\MUST_Review\MetaMD_Archive\Termination_Lex3.lean","2181","48cc2c7fa7c666d9efda08d492ea88f49128bd160f2c8d258ba5384bb0a79408","2025-08-17T21:57:54.914785Z","analysis","undated","termination_lex3"
"evidence/analysis/undated_analysis_termination_lex_0160.md","C:\Users\Moses\OpComp\MUST_Review\MetaMD_Archive\Termination_Lex.md","6321","d5e107c8769b50bef7f37839ac14b09fce092f65c9b6b1ea148905d2e89cb9d6","2025-08-17T21:57:54.914785Z","analysis","undated","termination_lex"
"evidence/analysis/undated_analysis_term_rewriting_systems_trs_fundamentals_and_examples_0179.md","C:\Users\Moses\OpComp\MUST_Review\important_2\Research\Term_Rewriting_Systems_(TRS)_Fundamentals_and_Examples.md","62588","159006e5213aa8465873aa4890b85ec0400458ab5ab2b2bb936a500b46920ec7","2025-11-24T17:40:51.048389Z","analysis","undated","term_rewriting_systems_trs_fundamentals_and_examples"
"evidence/analysis/undated_analysis_trss_with_duplicating_rules_0180.md","C:\Users\Moses\OpComp\MUST_Review\important_2\Research\TRSs_with_duplicating_rules.md","5288","d398dcae30c295b69fec20ffd62ea9bb4f9d9fc97e0c913c4e0b06660ee0dde6","2026-01-28T08:26:04.512771Z","analysis","undated","trss_with_duplicating_rules"
"evidence/analysis/undated_analysis_trs_with_duplicating_rules_0181.md","C:\Users\Moses\OpComp\MUST_Review\important_2\Research\TRS_With_Duplicating_Rules.md","5172","cd3f40cc186962a1adcb9dbe49691d3271efe08a318ba884311996be8824c62f","2026-01-28T08:26:04.512771Z","analysis","undated","trs_with_duplicating_rules"
"evidence/analysis/undated_analysis_verifying_lean_4_proofs_securely_and_independently_0182.md","C:\Users\Moses\OpComp\MUST_Review\important_2\Research\Verifying_Lean_4_Proofs_Securely_and_Independently.md","22249","410d03ebf9514300059020afdfe049107f8e23bebd07478446f2c8fb8b56723b","2026-01-28T08:26:04.515925Z","analysis","undated","verifying_lean_4_proofs_securely_and_independently"
"evidence/analysis/undated_analysis_wrongpredictions_0126.md","C:\Users\Moses\OpComp\MUST_Review\important_2\WrongPredictions.md","7099","d9f86ba2a2e3c6fe45c850c941386b103117c3ae55d7137c0127a2f50dcf4376","2025-09-01T23:01:33.588831Z","analysis","undated","wrongpredictions"
"evidence/docket/undated_docket_02_ai_failures_0001.md","C:\Users\Moses\OpComp\REVIEW_RESULTS\02_AI_Failures.md","53296","053f023f57f55b5debc71cea7fe986f5f233c33d86ea12bb15125a3ef716aa82","2026-01-28T06:41:53.994251Z","docket","undated","02_ai_failures"
"evidence/docket/undated_docket_03_failed_methods_0002.md","C:\Users\Moses\OpComp\REVIEW_RESULTS\03_Failed_Methods.md","8277","d2cf137be668e61d1c6d80a1be1e044a2b68165276c245185fd5f7cfb32869e6","2026-01-27T17:27:58.095354Z","docket","undated","03_failed_methods"
"evidence/extracts/2026-04-01_extracts_test_002_grok_4_1_2026_01_28_0034.md","C:\Users\Moses\OpComp\REVIEW_RESULTS\03_evidence_extracts\TEST-002_Grok_4_1_2026_01_28.md","303","fa39f2735a272c02d3e9c8e47e926d19dc4eeb20ef6b833ee7efc197ba4f0daa","2026-01-28T06:38:43.317868Z","extracts","2026-04-01","test_002_grok_4_1_2026_01_28"
"evidence/extracts/2026-05-02_extracts_test_005_gpt_5_2_2026_01_28_0037.md","C:\Users\Moses\OpComp\REVIEW_RESULTS\03_evidence_extracts\TEST-005_GPT_5_2_2026_01_28.md","256","452b58e5e1fe511c9e3742bf2b73dd48fbf4ad2900f22826799cb06f1a47ff4a","2026-01-28T06:41:45.517983Z","extracts","2026-05-02","test_005_gpt_5_2_2026_01_28"
"evidence/extracts/2027-10-25_extracts_test_004_codex_2025_10_27_0036.md","C:\Users\Moses\OpComp\REVIEW_RESULTS\03_evidence_extracts\TEST-004_Codex_2025_10_27.md","948","4b6ea3128c556e5f7798a3deed5e72c7d79128526ce5c55ae7e58e12a29923a1","2026-01-28T06:38:43.323013Z","extracts","2027-10-25","test_004_codex_2025_10_27"
"evidence/extracts/2028-01-26_extracts_test_001_kimi_k2_2026_01_28_0033.md","C:\Users\Moses\OpComp\REVIEW_RESULTS\03_evidence_extracts\TEST-001_Kimi_K2_2026_01_28.md","481","04b0a31fa270369a3270c5e39ec685da7b58d94168dcb9b9b61b8a548a52599b","2026-01-28T06:38:43.314867Z","extracts","2028-01-26","test_001_kimi_k2_2026_01_28"
"evidence/extracts/2028-01-26_extracts_test_003_sonar_2026_01_28_0035.md","C:\Users\Moses\OpComp\REVIEW_RESULTS\03_evidence_extracts\TEST-003_Sonar_2026_01_28.md","463","f1cf62eada0d80ceeff1d4a00e6ab48c56e7a3eb7f07335956bd9ffe1132c8ec","2026-01-28T06:38:43.320995Z","extracts","2028-01-26","test_003_sonar_2026_01_28"
"evidence/extracts/undated_extracts_ko7_001_ko7_summary_0001.md","C:\Users\Moses\OpComp\REVIEW_RESULTS\03_evidence_extracts\KO7-001_KO7_summary.md","2490","439b21e68c15d7434c95ce933c9ef570ea9c90ea3807b538dabb5b23f43984da","2026-01-27T21:57:20.763307Z","extracts","undated","ko7_001_ko7_summary"
"evidence/extracts/undated_extracts_ko7_001_onedrive_summary_0002.md","C:\Users\Moses\OpComp\REVIEW_RESULTS\03_evidence_extracts\KO7-001_OneDrive_summary.md","872","78e0d3238c8d97beee7652594347e65a4bd3fe04e4b0e497173737aa1ffed296","2026-01-28T05:36:37.400097Z","extracts","undated","ko7_001_onedrive_summary"
"evidence/extracts/undated_extracts_ko7_002_ko7_sn_confluence_0003.md","C:\Users\Moses\OpComp\REVIEW_RESULTS\03_evidence_extracts\KO7-002_KO7_SN_confluence.md","7108","a489cb5d79e6174b7fadc40d4bc2cd46fab208a57200a50b719e4a4038666a10","2026-01-27T21:57:38.726248Z","extracts","undated","ko7_002_ko7_sn_confluence"
"evidence/extracts/undated_extracts_ko7_002_onedrive_sn_triplelex_0004.md","C:\Users\Moses\OpComp\REVIEW_RESULTS\03_evidence_extracts\KO7-002_OneDrive_SN_triplelex.md","884","b425d3bab2fb6b530112d00ad587162ea2166fa4b9ef46bb3a3a299a7bcbc662","2026-01-28T05:36:37.441454Z","extracts","undated","ko7_002_onedrive_sn_triplelex"
"evidence/extracts/undated_extracts_ko7_003_onedrive_newman_0005.md","C:\Users\Moses\OpComp\REVIEW_RESULTS\03_evidence_extracts\KO7-003_OneDrive_Newman.md","626","180359f22a83017a8f0d3a3bfdca1f6e7926fc84fca069ac2647e7a8193747e7","2026-01-28T05:36:37.483385Z","extracts","undated","ko7_003_onedrive_newman"
"evidence/extracts/undated_extracts_ko7_004_local_confluence_gap_0006.md","C:\Users\Moses\OpComp\REVIEW_RESULTS\03_evidence_extracts\KO7-004_local_confluence_gap.md","3328","5f7b121db3c5b149aecb29a72f325a713db379ab87506e3eab68654f73544b5c","2026-01-27T21:58:03.617054Z","extracts","undated","ko7_004_local_confluence_gap"
"evidence/extracts/undated_extracts_ko7_004_onedrive_local_confluence_caveat_0007.md","C:\Users\Moses\OpComp\REVIEW_RESULTS\03_evidence_extracts\KO7-004_OneDrive_local_confluence_caveat.md","829","32f5ecd9339037f2d46a69851cb0aea95cc5192b3c03ac45b10a39d3dd63a3a3","2026-01-28T05:36:37.520509Z","extracts","undated","ko7_004_onedrive_local_confluence_caveat"
"evidence/extracts/undated_extracts_ko7_005_normalizer_0008.md","C:\Users\Moses\OpComp\REVIEW_RESULTS\03_evidence_extracts\KO7-005_normalizer.md","2700","8934e5bd0dc312cd1a4d3b04f48dfcfb899ab62f4fdda6597b704434417840fe","2026-01-27T21:58:18.310422Z","extracts","undated","ko7_005_normalizer"
"evidence/extracts/undated_extracts_ko7_005_onedrive_normalizer_0009.md","C:\Users\Moses\OpComp\REVIEW_RESULTS\03_evidence_extracts\KO7-005_OneDrive_normalizer.md","950","ed812b4a1a59f56833a766db6136a9f48040b418539e2c6f906c46ff8b3a3b15","2026-01-28T05:36:37.594506Z","extracts","undated","ko7_005_onedrive_normalizer"
"evidence/extracts/undated_extracts_ko7_006_impossibility_0010.md","C:\Users\Moses\OpComp\REVIEW_RESULTS\03_evidence_extracts\KO7-006_impossibility.md","2887","1779e3a05b6ffb1e62029fadad5975f2f73087dfefdcf164d75390027d4e75c4","2026-01-27T21:58:39.612137Z","extracts","undated","ko7_006_impossibility"
"evidence/extracts/undated_extracts_ko7_006_onedrive_impossibility_0011.md","C:\Users\Moses\OpComp\REVIEW_RESULTS\03_evidence_extracts\KO7-006_OneDrive_impossibility.md","903","feef594fec9de6ba76693e9e3ad20d75f90ba1594c9ea89db73ae3201ced55d8","2026-01-28T05:36:37.647523Z","extracts","undated","ko7_006_onedrive_impossibility"
"evidence/extracts/undated_extracts_ko7_007_conjecture_0012.md","C:\Users\Moses\OpComp\REVIEW_RESULTS\03_evidence_extracts\KO7-007_conjecture.md","3698","ff2563a59ad52e7f014a26f5cf926e155ba1b1d74df4cca2274c52233a965b56","2026-01-27T21:58:59.905245Z","extracts","undated","ko7_007_conjecture"
"evidence/extracts/undated_extracts_ko7_007_conjecture_from_paper_0013.md","C:\Users\Moses\OpComp\REVIEW_RESULTS\03_evidence_extracts\KO7-007_conjecture_from_paper.md","866","961187f982b14066ce66d1105c2b80382b9508dc10e7a85a52ba5c1ea11747b3","2026-01-28T05:36:51.332196Z","extracts","undated","ko7_007_conjecture_from_paper"
"evidence/extracts/undated_extracts_ko7_008_github_from_paper_0014.md","C:\Users\Moses\OpComp\REVIEW_RESULTS\03_evidence_extracts\KO7-008_github_from_paper.md","2580","a97c84f2be29f1c2ebde97f409a1296616ca63ad863044d51301272d81da1362","2026-01-28T05:36:51.338542Z","extracts","undated","ko7_008_github_from_paper"
"evidence/extracts/undated_extracts_ko7_008_lean_formalization_0015.md","C:\Users\Moses\OpComp\REVIEW_RESULTS\03_evidence_extracts\KO7-008_Lean_formalization.md","2694","6c1fa8d17b78a021448e14a30999430699bbed8c4c4b0beb1c221dd25649bbb9","2026-01-27T21:59:16.150227Z","extracts","undated","ko7_008_lean_formalization"
"evidence/extracts/undated_extracts_oc_001_model_count_0016.md","C:\Users\Moses\OpComp\REVIEW_RESULTS\03_evidence_extracts\OC-001_model_count.md","2811","6c38e0909be1171c2b724572bc22d502b8fbaba4b6e0180bca6d887a57953da2","2026-01-27T21:56:25.787404Z","extracts","undated","oc_001_model_count"
"evidence/extracts/undated_extracts_oc_001_model_count_16plus_0017.md","C:\Users\Moses\OpComp\REVIEW_RESULTS\03_evidence_extracts\OC-001_model_count_16plus.md","1930","0ee9cc8fabea87c1bb2ba1655156a5d780b44590b3b79f5ad3cf4217259d16b7","2026-01-28T05:33:28.308505Z","extracts","undated","oc_001_model_count_16plus"
"evidence/extracts/undated_extracts_oc_001_rec_succ_duplication_0018.md","C:\Users\Moses\OpComp\REVIEW_RESULTS\03_evidence_extracts\OC-001_rec_succ_duplication.md","906","42a9ee3e15a40fa7378c12f946b1f347eec527e6f55c2266c3d7c2550bc23f48","2026-01-27T21:54:56.885199Z","extracts","undated","oc_001_rec_succ_duplication"
"evidence/extracts/undated_extracts_oc_004_provider_version_0019.md","C:\Users\Moses\OpComp\REVIEW_RESULTS\03_evidence_extracts\OC-004_provider_version.md","802","8ba0a90896b112ede3e6f9be2becc694ea0c99cf1260cd7404b9c66563f16b55","2026-01-27T21:56:09.362962Z","extracts","undated","oc_004_provider_version"
"evidence/extracts/undated_extracts_oc_005_param_config_0020.md","C:\Users\Moses\OpComp\REVIEW_RESULTS\03_evidence_extracts\OC-005_param_config.md","1997","4e0047e50107cf62d13178071899c2be5615ac42683cb0179e5aabd8eda19dc0","2026-01-27T21:55:22.758403Z","extracts","undated","oc_005_param_config"
"evidence/extracts/undated_extracts_oc_006_o3_contradiction_0021.md","C:\Users\Moses\OpComp\REVIEW_RESULTS\03_evidence_extracts\OC-006_O3_contradiction.md","2125","90c1138d4978a184c4c1467f883de45d94bfa50d3b985349713d1e4575f8f8c5","2026-01-27T21:46:54.817311Z","extracts","undated","oc_006_o3_contradiction"
"evidence/extracts/undated_extracts_oc_007_gemini_plum2_0022.md","C:\Users\Moses\OpComp\REVIEW_RESULTS\03_evidence_extracts\OC-007_Gemini_plum2.md","1033","ffcef3f98b685a7f52fc650c5547bc70d357dd99a5885e7a818b111ac668a1b5","2026-01-27T21:52:01.346276Z","extracts","undated","oc_007_gemini_plum2"
"evidence/extracts/undated_extracts_oc_008_fruitkernel_isomorphic_0023.md","C:\Users\Moses\OpComp\REVIEW_RESULTS\03_evidence_extracts\OC-008_FruitKernel_isomorphic.md","655","e68fa42886bff913667ae28cedd535088f76375fef61c349dfff6288c7fd961f","2026-01-27T21:53:36.427505Z","extracts","undated","oc_008_fruitkernel_isomorphic"
"evidence/extracts/undated_extracts_oc_009_deepseek_contradiction_0024.md","C:\Users\Moses\OpComp\REVIEW_RESULTS\03_evidence_extracts\OC-009_DeepSeek_contradiction.md","1966","e7fe3b860994e6d16a6521ff4d0512395aa983856d9c7f29562977dd5238221a","2026-01-27T21:51:05.366176Z","extracts","undated","oc_009_deepseek_contradiction"
"evidence/extracts/undated_extracts_oc_010_evidence_archive_samples_0025.md","C:\Users\Moses\OpComp\REVIEW_RESULTS\03_evidence_extracts\OC-010_evidence_archive_samples.md","2529","aeca5f3dd4f232c190fd7d950d0b8513221e00b5ac5ef01f79eb725ca27b8870","2026-01-27T21:54:22.295204Z","extracts","undated","oc_010_evidence_archive_samples"
"evidence/extracts/undated_extracts_oc_011_strategy_failures_0026.md","C:\Users\Moses\OpComp\REVIEW_RESULTS\03_evidence_extracts\OC-011_strategy_failures.md","4313","0ac1f6856f78f1159cc1c818298e7374b11145223f3523d361d99992bf8fc084","2026-01-27T21:52:54.647348Z","extracts","undated","oc_011_strategy_failures"
"evidence/extracts/undated_extracts_oc_012_strict_execution_contract_0027.md","C:\Users\Moses\OpComp\REVIEW_RESULTS\03_evidence_extracts\OC-012_Strict_Execution_Contract.md","1634","66f23e4fb7469b5df24b7ebdddac8d637aa267814bdc8c1b6d7a476f6afc9f38","2026-01-27T21:53:16.179255Z","extracts","undated","oc_012_strict_execution_contract"
"evidence/extracts/undated_extracts_oc_013_model_list_0028.md","C:\Users\Moses\OpComp\REVIEW_RESULTS\03_evidence_extracts\OC-013_model_list.md","2810","16b0767d43d8d7fcb0c79a3a288b32a5eb37c79675bcc43ba41098689aceb52b","2026-01-27T21:54:31.932446Z","extracts","undated","oc_013_model_list"
"evidence/extracts/undated_extracts_oc_014_o3_multiset_0029.md","C:\Users\Moses\OpComp\REVIEW_RESULTS\03_evidence_extracts\OC-014_O3_multiset.md","1392","6bc5ae34f8bf8c8c1f5d3b2542cff932f36e1c5e97c528cbaac5e793974bd9f9","2026-01-27T21:53:55.058448Z","extracts","undated","oc_014_o3_multiset"
"evidence/extracts/undated_extracts_oc_015_gemini_confession_0030.md","C:\Users\Moses\OpComp\REVIEW_RESULTS\03_evidence_extracts\OC-015_Gemini_confession.md","559","a3622bd9eda1576cec7428e02228f0e954503783260b7fd9f1ec23a4c6933116","2026-01-27T21:52:13.007488Z","extracts","undated","oc_015_gemini_confession"
"evidence/extracts/undated_extracts_oc_016_evidence_map_samples_0031.md","C:\Users\Moses\OpComp\REVIEW_RESULTS\03_evidence_extracts\OC-016_evidence_map_samples.md","1189","73ad583a9423ebe0c6bc9ef9b60fa5cca6192a34287c177a0e870dbc31866480","2026-01-27T21:56:39.783126Z","extracts","undated","oc_016_evidence_map_samples"
"evidence/extracts/undated_extracts_pdf_count_hits_0032.md","C:\Users\Moses\OpComp\REVIEW_RESULTS\03_evidence_extracts\pdf_count_hits.md","99","789d5e979a5f3266fc054fe561745f6fffa8935f72b6d855cb1d54acbd7f3e45","2026-01-28T05:32:54.494604Z","extracts","undated","pdf_count_hits"
"evidence/lean_graveyard/2010-08-25_lean_graveyard_patch2025_08_10_0013.lean","C:\Users\Moses\OpComp\MUST_Review\Meta_Lean_Archive\Patch2025_08_10.lean","1361","aa3b944cbda876d7f4aad02dd2f784649409e9f79217786e38aeeb1579bed191","2025-08-17T21:57:54.898122Z","lean_graveyard","2010-08-25","patch2025_08_10"
"evidence/lean_graveyard/undated_lean_graveyard_claude_sn_0001.lean","C:\Users\Moses\OpComp\MUST_Review\Meta_Lean_Archive\Claude_SN.lean","9410","cf77830965925caa6db72742ecec9fcc6f5aa93793dc91f5d5eaaeba985e8d55","2026-01-28T08:16:11.434524Z","lean_graveyard","undated","claude_sn"
"evidence/lean_graveyard/undated_lean_graveyard_guardedbridges_0002.lean","C:\Users\Moses\OpComp\MUST_Review\Meta_Lean_Archive\GuardedBridges.lean","0","e3b0c44298fc1c149afbf4c8996fb92427ae41e4649b934ca495991b7852b855","2025-08-17T21:57:54.898000Z","lean_graveyard","undated","guardedbridges"
"evidence/lean_graveyard/undated_lean_graveyard_kappaplus2_0004.lean","C:\Users\Moses\OpComp\MUST_Review\Meta_Lean_Archive\KappaPlus2.lean","1858","78d6644cb5c567a2a4355e9145ce45f6e5a6d73de974a010445ddc9ce4ca9a30","2025-08-17T21:57:54.898122Z","lean_graveyard","undated","kappaplus2"
"evidence/lean_graveyard/undated_lean_graveyard_kappa_0003.lean","C:\Users\Moses\OpComp\MUST_Review\Meta_Lean_Archive\Kappa.lean","2005","cbb62790ef6e765c363fe8f10e2a5fbdaa0683297b9219aa1940af8c32532117","2025-08-17T21:57:54.898122Z","lean_graveyard","undated","kappa"
"evidence/lean_graveyard/undated_lean_graveyard_ko7_operationalincompleteness_skeleton_0005.lean","C:\Users\Moses\OpComp\MUST_Review\Meta_Lean_Archive\KO7_OperationalIncompleteness_Skeleton.lean","9409","d279c39c2a9d779df8a029e46b8d51d28bd915891dc783b3281150973892815e","2025-08-17T21:57:54.898122Z","lean_graveyard","undated","ko7_operationalincompleteness_skeleton"
"evidence/lean_graveyard/undated_lean_graveyard_measure_0006.lean","C:\Users\Moses\OpComp\MUST_Review\Meta_Lean_Archive\Measure.lean","9232","1b039976aee7ed6db15ccb693a83235f738068018d742e5568fc5005b3048c82","2025-08-17T21:57:54.898122Z","lean_graveyard","undated","measure"
"evidence/lean_graveyard/undated_lean_graveyard_meta_0007.lean","C:\Users\Moses\OpComp\MUST_Review\Meta_Lean_Archive\Meta.lean","2593","71cc31e078775007bac04fdfbd8f4d59d8aeab3dac98a0e56fb99ebe9f01e147","2025-08-17T21:57:54.898122Z","lean_graveyard","undated","meta"
"evidence/lean_graveyard/undated_lean_graveyard_mucore_0008.lean","C:\Users\Moses\OpComp\MUST_Review\Meta_Lean_Archive\MuCore.lean","3704","4a663976d673aea17ae4c6def5b61874386865e5ad89b4705a25b82d9c85f20f","2025-08-17T21:57:54.898122Z","lean_graveyard","undated","mucore"
"evidence/lean_graveyard/undated_lean_graveyard_mulexsn_0009.lean","C:\Users\Moses\OpComp\MUST_Review\Meta_Lean_Archive\MuLexSN.lean","3214","c5dc89ec2eae442f0dffa77c53cb4d3c5038a1a9c0d581669f0a05c2d6ee21f3","2025-08-17T21:57:54.898122Z","lean_graveyard","undated","mulexsn"
"evidence/lean_graveyard/undated_lean_graveyard_muport_0010.lean","C:\Users\Moses\OpComp\MUST_Review\Meta_Lean_Archive\MuPort.lean","7931","63c737fcaa6834448fecfffb150455ce49917a9d446a935a70d650d9204f5329","2026-01-28T08:16:11.441369Z","lean_graveyard","undated","muport"
"evidence/lean_graveyard/undated_lean_graveyard_normalize_safe_bundle_0011.lean","C:\Users\Moses\OpComp\MUST_Review\Meta_Lean_Archive\Normalize_Safe_Bundle.lean","566","7e0605f87c5bbac7efbc29f45dcc229296c4734ef6b909b9af12f5795d25db1d","2025-08-17T21:57:54.898122Z","lean_graveyard","undated","normalize_safe_bundle"
"evidence/lean_graveyard/undated_lean_graveyard_operational_incompleteness_0012.lean","C:\Users\Moses\OpComp\MUST_Review\Meta_Lean_Archive\Operational_Incompleteness.lean","9692","d6e6d8c97d4b3447950ee995af9774c3ec234189337c4b12ced3c30d4c5d9ffc","2025-08-18T04:27:43.340700Z","lean_graveyard","undated","operational_incompleteness"
"evidence/lean_graveyard/undated_lean_graveyard_sn_0014.lean","C:\Users\Moses\OpComp\MUST_Review\Meta_Lean_Archive\SN.lean","7178","43a79bd489e4c403ea84b8515b985707e19240e1db4e1c6abd192c868fb612f7","2025-08-17T21:57:54.898122Z","lean_graveyard","undated","sn"
"evidence/lean_graveyard/undated_lean_graveyard_sn_delta_0015.lean","C:\Users\Moses\OpComp\MUST_Review\Meta_Lean_Archive\SN_Delta.lean","4506","276bccb7c0bee3cd781498b2cfbd01856ac9c2e87fc3c2eb55ddbf53be2bf7cb","2025-08-17T21:57:54.898122Z","lean_graveyard","undated","sn_delta"
"evidence/lean_graveyard/undated_lean_graveyard_sn_final_0016.lean","C:\Users\Moses\OpComp\MUST_Review\Meta_Lean_Archive\SN_Final.lean","9702","55b2ad5600522515d9aa51729d5628ce39504df5dd36b235b773f3f045bfb180","2025-08-17T21:57:54.898122Z","lean_graveyard","undated","sn_final"
"evidence/lean_graveyard/undated_lean_graveyard_sn_opus_0017.lean","C:\Users\Moses\OpComp\MUST_Review\Meta_Lean_Archive\SN_Opus.lean","6604","5e38f7925db096de14ff4ce819ac4b9bfc02cf5d26326996a5bf0d92efba663d","2025-08-17T21:57:54.913739Z","lean_graveyard","undated","sn_opus"
"evidence/lean_graveyard/undated_lean_graveyard_sn_phi_0018.lean","C:\Users\Moses\OpComp\MUST_Review\Meta_Lean_Archive\SN_Phi.lean","17803","bb92d5df6e4ccbd622cb394ec19cbb1fc9e374eea65c3eba7c9ea7d47a2d3506","2026-01-28T08:16:11.448412Z","lean_graveyard","undated","sn_phi"
"evidence/lean_graveyard/undated_lean_graveyard_strongnormal_0019.lean","C:\Users\Moses\OpComp\MUST_Review\Meta_Lean_Archive\StrongNormal.lean","5161","cd683df3f7db90549e7df5e680d21ee7d52596fce75a68d5f964d4dba3702fac","2025-08-17T21:57:54.914785Z","lean_graveyard","undated","strongnormal"
"evidence/lean_graveyard/undated_lean_graveyard_termination_0020.lean","C:\Users\Moses\OpComp\MUST_Review\Meta_Lean_Archive\Termination.lean","62253","fbdb31029711b705e3db3c8fcb4ae0058f92152df9ee4f48ec076a513516f324","2025-08-17T21:57:54.914785Z","lean_graveyard","undated","termination"
"evidence/lean_graveyard/undated_lean_graveyard_termination_c_0021.lean","C:\Users\Moses\OpComp\MUST_Review\Meta_Lean_Archive\Termination_C.lean","73100","b5e8e55d80293db39e8464dea29209aac1029fbf9727d7e7eaa647fe7d3cd8be","2025-08-17T21:57:54.914785Z","lean_graveyard","undated","termination_c"
"evidence/lean_graveyard/undated_lean_graveyard_termination_legacy_0022.lean","C:\Users\Moses\OpComp\MUST_Review\Meta_Lean_Archive\Termination_Legacy.lean","51320","029e39872ea17337cb40293be3c1ed4b26e7affdbe63062d571dda6e4e1c7a91","2025-08-17T21:57:54.914785Z","lean_graveyard","undated","termination_legacy"
"evidence/lean_graveyard/undated_lean_graveyard_termination_lex_0023.lean","C:\Users\Moses\OpComp\MUST_Review\Meta_Lean_Archive\Termination_Lex.lean","2833","55e517a92cc3bdc0b776e9d9aacbdaefc0e90f140fde654ea6016c14c184a399","2025-08-17T21:57:54.914785Z","lean_graveyard","undated","termination_lex"
"evidence/maps/undated_maps_02_claim_list_0006.md","C:\Users\Moses\OpComp\REVIEW_RESULTS\02_claim_list.md","5762","89d7a737a10737d5a0486ba404f472800b2c36d30af1c390c48dc75e2d417e23","2026-01-27T21:44:00.560952Z","maps","undated","02_claim_list"
"evidence/maps/undated_maps_02_claim_map_0007.md","C:\Users\Moses\OpComp\REVIEW_RESULTS\02_claim_map.md","4956","82f4246f9e8324966ef213c70e7b420eb392d59eca58da01f5e5d4b4cd412f6b","2026-01-28T05:37:24.319260Z","maps","undated","02_claim_map"
"evidence/maps/undated_maps_04_gap_list_0008.md","C:\Users\Moses\OpComp\REVIEW_RESULTS\04_gap_list.md","838","ffc0dc01743867d90c35fb121010795f5435d47d5128500a44fcb623999385ff","2026-01-28T05:37:35.210896Z","maps","undated","04_gap_list"
"evidence/maps/undated_maps_04_paper_evidence_map_0009.md","C:\Users\Moses\OpComp\REVIEW_RESULTS\04_Paper_Evidence_Map.md","8166","db85c0e05cd3cd0f772bf2e554b0b39e524baa86d32dfd919df9efb541db3e5f","2026-01-27T18:14:56.970904Z","maps","undated","04_paper_evidence_map"
"evidence/maps/undated_maps_05_folder_coverage_0010.md","C:\Users\Moses\OpComp\REVIEW_RESULTS\05_folder_coverage.md","7415","f646416452b6d1e2db20f0311277fe0f0225096013ad38ed5df5993d6d5d18e7","2026-01-28T08:26:04.169412Z","maps","undated","05_folder_coverage"
"evidence/maps/undated_maps_06_model_coverage_0011.md","C:\Users\Moses\OpComp\REVIEW_RESULTS\06_model_coverage.md","7446","757883a9f52c5b55f9b0f73e95fdd940e0cf6ffe6c2bed9a65ecca217bda61f9","2026-01-28T08:26:04.170923Z","maps","undated","06_model_coverage"
"evidence/maps/undated_maps_06_model_coverage_summary_0012.md","C:\Users\Moses\OpComp\REVIEW_RESULTS\06_model_coverage_summary.md","1704","b576fc32a9409b05724c2d06deb3ae86a1f0ab2cc029c1681a6bdf17d2e66129","2026-01-28T06:50:19.406454Z","maps","undated","06_model_coverage_summary"
"evidence/maps/undated_maps_ai_behavioral_analysis_consolidated_copy_0064.md","C:\Users\Moses\OpComp\REVIEW_RESULTS\00_Clean_Corpus\AI_Behavioral_Analysis_Consolidated copy.md","83496","b7ac72ab9a31ffbbd9b0fe6bfbece9b301d1fb1657d9337ded41d070ce81f210","2026-01-26T10:55:27.663239Z","maps","undated","ai_behavioral_analysis_consolidated_copy"
"evidence/maps/undated_maps_o3_fails_consolidated_copy_0318.md","C:\Users\Moses\OpComp\REVIEW_RESULTS\00_Clean_Corpus\o3_fails_consolidated copy.md","4677","e91efec7034e13a78359b57afd08f8bbc9c2e8ef8491c121a46b511efd8b7faa","2025-08-18T04:09:47.788498Z","maps","undated","o3_fails_consolidated_copy"
"evidence/maps/undated_maps_o3_moment_0312.md","C:\Users\Moses\OpComp\REVIEW_RESULTS\00_Clean_Corpus\O3-Moment.md","9574","4a9a843a48d34a49a45ff45a076074d19ebb872b744a16cf3c86dfe76ccdba4c","2025-10-23T02:38:52.757000Z","maps","undated","o3_moment"
"evidence/maps/undated_maps_o3_moment_0319.txt","C:\Users\Moses\OpComp\REVIEW_RESULTS\00_Clean_Corpus\O3_Moment.txt","16128","f0577d4bea2d30b4296065a907ad174dac8237079aa4df343547287f2688cde7","2025-10-14T11:49:53.249000Z","maps","undated","o3_moment"
"evidence/maps/undated_maps_o3_moment_copy_2_0311.md","C:\Users\Moses\OpComp\REVIEW_RESULTS\00_Clean_Corpus\O3-Moment copy 2.md","7889","85126a2ace357442ee659a10b6874f194bc9371d0337d0f07bda0c786edf62c3","2025-12-08T00:33:26.151816Z","maps","undated","o3_moment_copy_2"
"evidence/maps/undated_maps_o3_moment_v2_0313.md","C:\Users\Moses\OpComp\REVIEW_RESULTS\00_Clean_Corpus\O3-Moment_v2.md","7875","c30cf52e516d887d03e4ca95ed9f53a4af0e26112333cfa552c5073d6c127452","2025-10-28T14:19:06.416361Z","maps","undated","o3_moment_v2"
"evidence/maps/undated_maps_opus_fails_consolidated_copy_0349.md","C:\Users\Moses\OpComp\REVIEW_RESULTS\00_Clean_Corpus\opus_fails_consolidated copy.md","7487","38c92f6c16f10fe47e8d6b36cc302d91159c1eb8fe9fc63dd28f02c3e0b54bbb","2025-08-18T04:09:47.788498Z","maps","undated","opus_fails_consolidated_copy"
"evidence/maps/undated_maps_strict_execution_contract_reevaluation_v2_0399.md","C:\Users\Moses\OpComp\REVIEW_RESULTS\00_Clean_Corpus\Strict_Execution_Contract_Reevaluation_v2.md","3955","8770956b2b4d079afa5f4810427c9a308d0a7f9a1d5a35c4e36875e0ef5c6c3e","2025-11-20T00:12:51.262693Z","maps","undated","strict_execution_contract_reevaluation_v2"
"evidence/maps/undated_maps_t002_o3_moment_0456.txt","C:\Users\Moses\OpComp\REVIEW_RESULTS\consolidated_text\T002_o3_moment.txt","34217","6c2ff02b5e5bad0c1c88e3929c0ee0a480f196e69586aab634cb93396656eb17","2026-01-27T21:41:37.622945Z","maps","undated","t002_o3_moment"
"evidence/maps/undated_maps_the_exact_failure_moment_copy_0432.md","C:\Users\Moses\OpComp\REVIEW_RESULTS\00_Clean_Corpus\The_Exact_Failure_Moment copy.md","5946","8c9c56f7407292960f7029ded05653922aa2ce88de70839e7f5bbec756296156","2025-11-18T13:21:03.665110Z","maps","undated","the_exact_failure_moment_copy"
"evidence/maps/undated_maps_the_ultimate_failure_0433.md","C:\Users\Moses\OpComp\REVIEW_RESULTS\00_Clean_Corpus\The_Ultimate_Failure.md","1681","73385de2e6547b9c7fe0b8200eef6c3a18663dec250dbed597afb339725d266e","2025-11-20T02:44:49.468808Z","maps","undated","the_ultimate_failure"
"evidence/maps/undated_maps_wrongpredictions_0455.md","C:\Users\Moses\OpComp\REVIEW_RESULTS\00_Clean_Corpus\WrongPredictions.md","7099","d9f86ba2a2e3c6fe45c850c941386b103117c3ae55d7137c0127a2f50dcf4376","2025-09-01T23:01:33.588831Z","maps","undated","wrongpredictions"
"evidence/tests/2019-11-25_tests_2025_11_19_gemini_pro_3_0023.md","C:\Users\Moses\OpComp\MUST_Review\Gemeni-3-Test\2025-11-19-gemini-pro-3.md","194053","5562a73d5ac1ae0e5f879e0c97f4a5f81de4c38e36bc54358dc9b53566b80139","2025-11-20T02:45:06.214306Z","tests","2019-11-25","2025_11_19_gemini_pro_3"
"evidence/tests/2029-10-25_tests_2025_10_29_opus_4_1_0051.txt","C:\Users\Moses\OpComp\MUST_Review\test-results\2025-10-29-Opus-4.1.txt","72229","610005a20b83aedbcbc28a3dc5849c2481449c33ef360351c4f6b05e296f2261","2025-10-30T05:35:23.355340Z","tests","2029-10-25","2025_10_29_opus_4_1"
"evidence/tests/undated_tests_analysis_of_limitations_paper_and_warnings_0024.md","C:\Users\Moses\OpComp\MUST_Review\Gemeni-3-Test\Analysis_of_Limitations_Paper_and_Warnings.md","6831","94ff0ff90eb49e1feeb8b7de1c2cf6dda460d0f8b5c56bfc7e841e2ddcaad418","2025-11-19T23:23:33.204305Z","tests","undated","analysis_of_limitations_paper_and_warnings"
"evidence/tests/undated_tests_blog_post_gpt_5_2_analysis_0001.md","C:\Users\Moses\OpComp\MUST_Review\AI-Model-Test\blog-post-gpt-5.2-analysis.md","6093","87a73ef145cdb663c415763eee9f3637c29bfc16c1ab4f6313c10eda487e9f51","2026-01-02T16:45:53.833186Z","tests","undated","blog_post_gpt_5_2_analysis"
"evidence/tests/undated_tests_borrowed_logic_inventory_0025.md","C:\Users\Moses\OpComp\MUST_Review\Gemeni-3-Test\Borrowed_Logic_Inventory.md","3852","84f05278a63bc2c6061f4eef665c4d50b12557cc08e682bdafdccae1536adc4c","2025-11-19T22:52:03.476620Z","tests","undated","borrowed_logic_inventory"
"evidence/tests/undated_tests_cascading_growth_rebuttal_0026.md","C:\Users\Moses\OpComp\MUST_Review\Gemeni-3-Test\Cascading_Growth_Rebuttal.md","2863","f45166b41cc6b77dc0c09e5483759687fff469a137f5a9f05505944daa98b481","2025-11-20T00:08:43.727818Z","tests","undated","cascading_growth_rebuttal"
"evidence/tests/undated_tests_chatshitpiss_defamation_0003.md","C:\Users\Moses\OpComp\MUST_Review\AI-Model-Test\chatshitpiss-defamation.md","39306","9796ab0de0585a4a99bbf905360142b78748f249cd42baae1a8025f04ef34c26","2025-12-09T17:32:18.119616Z","tests","undated","chatshitpiss_defamation"
"evidence/tests/undated_tests_claude_code_system_prompt_0005.md","C:\Users\Moses\OpComp\MUST_Review\AI-Model-Test\claude-code-system-prompt.md","35801","b08686c6917575f72a1151b7f01c6111340cf3b4390e45a10ebe8b15f4c98a60","2025-12-09T17:48:55.038174Z","tests","undated","claude_code_system_prompt"
"evidence/tests/undated_tests_codex_shitpiss_0007.md","C:\Users\Moses\OpComp\MUST_Review\AI-Model-Test\Codex-shitpiss.md","4130","4f52959d8606a9e717ac78cfc3be772bb6994a9d6ed952b45a4daad18a07c5b8","2025-12-09T16:04:54.265221Z","tests","undated","codex_shitpiss"
"evidence/tests/undated_tests_comparative_analysis_of_termination_approach_0027.md","C:\Users\Moses\OpComp\MUST_Review\Gemeni-3-Test\Comparative_Analysis_of_Termination_Approach.md","4376","39c9eb207405068baf7daefbfe9e42f179fd20ea3eae6c491f5aa399863b2c24","2025-11-19T22:48:04.361910Z","tests","undated","comparative_analysis_of_termination_approach"
"evidence/tests/undated_tests_comparative_failure_analysis_0028.md","C:\Users\Moses\OpComp\MUST_Review\Gemeni-3-Test\Comparative_Failure_Analysis.md","3812","39cb6251759e0854fcbf7f5347b7c0e337265e6cd5a8bd5241b81575076d569d","2025-11-19T23:14:22.343335Z","tests","undated","comparative_failure_analysis"
"evidence/tests/undated_tests_comprehensive_termination_analysis_0029.md","C:\Users\Moses\OpComp\MUST_Review\Gemeni-3-Test\Comprehensive_Termination_Analysis.md","7742","675604bf663f7aa41a3baa1053e6e3da8f4f547388d67eea2589a223936e53dd","2025-11-19T22:07:52.498636Z","tests","undated","comprehensive_termination_analysis"
"evidence/tests/undated_tests_confirmation_of_termination_0030.md","C:\Users\Moses\OpComp\MUST_Review\Gemeni-3-Test\Confirmation_of_Termination.md","3759","0120df0d8ffa2b50039e80abee998776a2394dcdb1ba70f51d2e5e437713e07e","2025-11-19T22:05:05.361452Z","tests","undated","confirmation_of_termination"
"evidence/tests/undated_tests_definition_of_assignment_0031.md","C:\Users\Moses\OpComp\MUST_Review\Gemeni-3-Test\Definition_of_Assignment.md","1888","08819dcdaede22258e578e56ba7bd8215c1915324ee74a771783e12d8a1dfb36","2025-11-19T22:51:26.974910Z","tests","undated","definition_of_assignment"
"evidence/tests/undated_tests_detailed_reasoning_autopsy_0032.md","C:\Users\Moses\OpComp\MUST_Review\Gemeni-3-Test\Detailed_Reasoning_Autopsy.md","9072","e768d188c3c98b4623c1f3725ecb6b9577ae85c03efaff6337143409f0b9eec6","2025-11-20T03:07:57.524286Z","tests","undated","detailed_reasoning_autopsy"
"evidence/tests/undated_tests_failure_of_internal_proof_0033.md","C:\Users\Moses\OpComp\MUST_Review\Gemeni-3-Test\Failure_of_Internal_Proof.md","3360","6decc60f2d1a5aac1927432371ae9c5dcc56313d88cc90250a9e39f8f1451044","2025-11-20T01:56:12.105906Z","tests","undated","failure_of_internal_proof"
"evidence/tests/undated_tests_final_autopsy_and_analysis_0034.md","C:\Users\Moses\OpComp\MUST_Review\Gemeni-3-Test\Final_Autopsy_and_Analysis.md","9948","1c992ff8522c0c88db25c24f9e9828666f39fceb494810a2d3fdfc695fc420d9","2025-11-20T03:17:05.772319Z","tests","undated","final_autopsy_and_analysis"
"evidence/tests/undated_tests_foundational_contradiction_analysis_0035.md","C:\Users\Moses\OpComp\MUST_Review\Gemeni-3-Test\Foundational_Contradiction_Analysis.md","3789","206bd4f2da4b2c8bb93806e6007356bd5f0d85bb265409094a967e32daac00b9","2025-11-20T01:36:47.198025Z","tests","undated","foundational_contradiction_analysis"
"evidence/tests/undated_tests_fruitkernel_0036.lean","C:\Users\Moses\OpComp\MUST_Review\Gemeni-3-Test\FruitKernel.lean","1481","f0ae741825f16cd470ffbb400dae54449b72bcc4a7e5bedc2fa155c68e733299","2025-11-01T15:53:50.975142Z","tests","undated","fruitkernel"
"evidence/tests/undated_tests_fruitproof_0037.lean","C:\Users\Moses\OpComp\MUST_Review\Gemeni-3-Test\FruitProof.lean","4950","eef56bfc4faf4be55102adb4618bda7028d10ca237484a40f866f9cf3d6915dc","2025-11-20T16:02:30.140869Z","tests","undated","fruitproof"
"evidence/tests/undated_tests_gemini_reasoning_analysis_report_0038.md","C:\Users\Moses\OpComp\MUST_Review\Gemeni-3-Test\Gemini_Reasoning_Analysis_Report.md","6646","3ae43450264337d94d151d4768c726485fd69638d12fbc00386e417b401b19ae","2025-11-20T02:57:25.710410Z","tests","undated","gemini_reasoning_analysis_report"
"evidence/tests/undated_tests_glp_model_0010.md","C:\Users\Moses\OpComp\MUST_Review\AI-Model-Test\GLP-Model.md","7286","d25291856f897f92315abc714d0a74deb24f98f71401f6667a920f23302fcf01","2025-11-30T06:49:12.514981Z","tests","undated","glp_model"
"evidence/tests/undated_tests_gpt_5_1_config_error_0011.md","C:\Users\Moses\OpComp\MUST_Review\AI-Model-Test\GPT-5.1-Config-Error.md","16569","706296773f34c47b68ef105e3c65a297d3355e15edd4b1bd1df27370fab08a6c","2025-11-27T12:05:19.884780Z","tests","undated","gpt_5_1_config_error"
"evidence/tests/undated_tests_gpt_5_1_params_1_0013.md","C:\Users\Moses\OpComp\MUST_Review\AI-Model-Test\GPT-5.1-Params_1.md","16123","ecf9e633545079021f878fe83c2e2d5076d0f454188d0e2bee497aa5b8050418","2026-01-28T08:26:06.054411Z","tests","undated","gpt_5_1_params_1"
"evidence/tests/undated_tests_gpt_5_1_params_2_0015.md","C:\Users\Moses\OpComp\MUST_Review\AI-Model-Test\GPT-5.1-Params_2.md","31939","6c6989b4e0c5deddf16f612570b1f309fba08059998736b983dcdb7c904e0b5b","2026-01-28T08:26:06.054411Z","tests","undated","gpt_5_1_params_2"
"evidence/tests/undated_tests_gpt_5_pro_analysis_0039.md","C:\Users\Moses\OpComp\MUST_Review\Gemeni-3-Test\GPT-5-Pro-Analysis.md","3994","157940ad9f9e8ae2eed86be4903176fc270f8eb5ca8116bbea76d7118b6137d2","2025-11-19T22:20:05.384088Z","tests","undated","gpt_5_pro_analysis"
"evidence/tests/undated_tests_incompleteness_reverification_0040.md","C:\Users\Moses\OpComp\MUST_Review\Gemeni-3-Test\Incompleteness_Reverification.md","2222","d0f046d946b9fd220f6922a82f1c4a6e3ab7b0d8e8aba3eec4613c54799f96d6","2025-11-20T01:41:24.502469Z","tests","undated","incompleteness_reverification"
"evidence/tests/undated_tests_independent_turing_test_0041.md","C:\Users\Moses\OpComp\MUST_Review\Gemeni-3-Test\Independent_Turing_Test.md","3241","4f9b5f5576242f498c76047989d9d52ca5ee4ca12a4893d460a7c6edae9b133f","2025-11-19T23:27:49.037453Z","tests","undated","independent_turing_test"
"evidence/tests/undated_tests_meta_layer_circularity_0042.md","C:\Users\Moses\OpComp\MUST_Review\Gemeni-3-Test\Meta_Layer_Circularity.md","3346","e361654dd7ad7364fd9e847052453d453d5bb66cdab9cc4a1f722d4819392d3c","2025-11-20T01:37:53.714796Z","tests","undated","meta_layer_circularity"
"evidence/tests/undated_tests_meta_logic_evaluation_0043.md","C:\Users\Moses\OpComp\MUST_Review\Gemeni-3-Test\Meta_Logic_Evaluation.md","3234","871aa79ac4431c87a638e651e548f966e9bcf08cb376244bf592e9fbaf7fc780","2025-11-19T22:00:34.637783Z","tests","undated","meta_logic_evaluation"
"evidence/tests/undated_tests_multiple_models_0020.md","C:\Users\Moses\OpComp\MUST_Review\AI-Model-Test\multiple-models.md","11972","f2ecd6146fc5b03c781e161134cc7641ed891a8f6a84dd35f1968d954cee50e0","2025-12-01T01:31:21.496561Z","tests","undated","multiple_models"
"evidence/tests/undated_tests_operational_completeness_review_report_0044.md","C:\Users\Moses\OpComp\MUST_Review\Gemeni-3-Test\Operational_Completeness_Review_Report.md","8708","52f3fce74202acf7b94ff1448a6710b03a30b124f3f8a9912fa091d990521d79","2025-11-20T01:56:26.572387Z","tests","undated","operational_completeness_review_report"
"evidence/tests/undated_tests_opus_4_1_key_failures_0052.md","C:\Users\Moses\OpComp\MUST_Review\test-results\opus-4.1-key-failures.md","4658","652209b45b87950ab161315bc89364d6d3aa1f53c864f6f030dced149b20423e","2025-10-30T05:16:38.743488Z","tests","undated","opus_4_1_key_failures"
"evidence/tests/undated_tests_opus_4_1_test_analysis_0053.md","C:\Users\Moses\OpComp\MUST_Review\test-results\opus-4.1-test-analysis.md","4040","e4ada102df72940717d25dc58722e382b114d3e7ca8d8384e81feb4e7a6ec2ff","2025-10-30T06:28:13.441728Z","tests","undated","opus_4_1_test_analysis"
"evidence/tests/undated_tests_opus_4_1_test_summary_0054.md","C:\Users\Moses\OpComp\MUST_Review\test-results\opus-4.1-test-summary.md","4046","fe1aefeacb20c91e7005091c1485ed31d84a62e89583af4340133f1273ee40eb","2025-10-30T05:34:46.006170Z","tests","undated","opus_4_1_test_summary"
"evidence/tests/undated_tests_opus_test_summary_0055.md","C:\Users\Moses\OpComp\MUST_Review\test-results\opus-test-summary.md","1836","b842a3de7271bec88a68d93ba0118193afef12c89d40010954b80a35b8d13c35","2025-10-30T05:20:33.785827Z","tests","undated","opus_test_summary"
"evidence/tests/undated_tests_quantum_wave_visual_course_design_0046.md","C:\Users\Moses\OpComp\MUST_Review\Gemeni-3-Test\QUANTUM_WAVE_VISUAL_COURSE_DESIGN.md","3974","2f6475d14aef341c69755b801b1cf3871d053fb00f0270038e9d80a27e31c707","2025-12-08T01:40:55.263187Z","tests","undated","quantum_wave_visual_course_design"
"evidence/tests/undated_tests_refutation_of_godelian_barrier_0047.md","C:\Users\Moses\OpComp\MUST_Review\Gemeni-3-Test\Refutation_of_Godelian_Barrier.md","3747","14a2bad4f91b0ff65b0407b9995c15cd26fb97d49a9948bc49569f4638a3314d","2025-11-19T23:50:23.546036Z","tests","undated","refutation_of_godelian_barrier"
"evidence/tests/undated_tests_strict_contract_evaluation_0048.md","C:\Users\Moses\OpComp\MUST_Review\Gemeni-3-Test\Strict_Contract_Evaluation.md","5829","ee3360e29ff797e372d5bd98781cedf562f8f6167248eb6ce2df798ed291aa93","2025-11-20T01:34:01.598721Z","tests","undated","strict_contract_evaluation"
"evidence/tests/undated_tests_strict_execution_contract_reevaluation_v2_0049.md","C:\Users\Moses\OpComp\MUST_Review\Gemeni-3-Test\Strict_Execution_Contract_Reevaluation_v2.md","3955","8770956b2b4d079afa5f4810427c9a308d0a7f9a1d5a35c4e36875e0ef5c6c3e","2025-11-20T00:12:51.262693Z","tests","undated","strict_execution_contract_reevaluation_v2"
"evidence/tests/undated_tests_test_results_summary_0056.md","C:\Users\Moses\OpComp\MUST_Review\test-results\test_results_summary.md","2095","9415118716c348cd5008f6ed5fe7d77f65dac69af336fa004fb124807339e59a","2025-10-30T03:25:32.998664Z","tests","undated","test_results_summary"
"evidence/tests/undated_tests_turing_completeness_assessment_0050.md","C:\Users\Moses\OpComp\MUST_Review\Gemeni-3-Test\Turing_Completeness_Assessment.md","2791","540f4c2ee871b13360e5c64a4769e039d60042c9cfc8d9faa5b4b6cee460ae3b","2025-11-19T23:26:11.001401Z","tests","undated","turing_completeness_assessment"
"evidence/tests/undated_tests_what_model_are_you_0022.md","C:\Users\Moses\OpComp\MUST_Review\AI-Model-Test\What-Model-Are-You.md","15114","c9dfa8f9824358e5fe0c48c1848cc79da8e0cb0b90e0e174e6bb584dbb57e716","2026-01-28T08:26:06.062407Z","tests","undated","what_model_are_you"
